,inflation_yoy,industrial_growth_yoy,fed_funds_change_yoy,unemployment_change_yoy,ten_year_yield_change_yoy,recession_target
1963-01-01,1.331557922769644,5.125442948263648,0.77,-0.09999999999999964,-0.24954545454545407,0.0
1963-02-01,1.2288276320159497,4.614207615434895,0.6299999999999999,0.40000000000000036,-0.11833333333333318,0.0
1963-03-01,1.1269472986410234,4.695792097847495,0.1299999999999999,0.10000000000000053,-0.00188311688311682,0.0
1963-04-01,0.893743793445867,5.430887878188662,0.1200000000000001,0.10000000000000053,0.12795238095238082,0.0
1963-05-01,0.8928571428571619,6.82318473354977,0.6400000000000001,0.40000000000000036,0.056363636363636616,0.0
1963-06-01,1.3240648791790655,7.371787241808914,0.31000000000000005,0.09999999999999964,0.08395238095238078,0.0
1963-07-01,1.5552614162806178,5.926158803764747,0.31000000000000005,0.1999999999999993,0.006168831168831268,0.0
1963-08-01,1.5521796565389767,6.025501110962805,0.56,-0.2999999999999998,0.02662055335968372,0.0
1963-09-01,0.9861932938855844,6.407645796762229,0.5800000000000001,-0.09999999999999964,0.09855263157894756,0.0
1963-10-01,1.2179065174456882,7.0306563426714375,0.6000000000000001,0.09999999999999964,0.1806324110671933,0.0
1963-11-01,1.3166556945358954,7.105659381596907,0.54,0.0,0.2059752321981425,0.0
1963-12-01,1.6458196181698526,6.8968862535701,0.44999999999999973,0.0,0.2640714285714285,0.0
1964-01-01,1.6425755584756896,7.054060197009804,0.56,-0.10000000000000053,0.333181818181818,0.0
1964-02-01,1.4107611548556331,6.5638521543055495,0.48,-0.5,0.2244444444444449,0.0
1964-03-01,1.4093739757456536,5.912348244807086,0.4500000000000002,-0.2999999999999998,0.2909523809523811,0.0
1964-04-01,1.5419947506561726,6.666991769886943,0.5700000000000003,-0.40000000000000036,0.2613203463203466,0.0
1964-05-01,1.5404785316289749,5.987828652330873,0.5,-0.8000000000000007,0.27,0.0
1964-06-01,1.3067624959163693,5.969950706151028,0.5099999999999998,-0.39999999999999947,0.17700000000000093,0.0
1964-07-01,1.0752688172043001,7.092693242315762,0.3999999999999999,-0.6999999999999993,0.16545454545454596,0.0
1964-08-01,0.9756097560975618,7.577300311385771,0.009999999999999787,-0.40000000000000036,0.19153679653679756,0.0
1964-09-01,1.171875,6.910065401648247,-0.029999999999999805,-0.40000000000000036,0.12630952380952376,0.0
1964-10-01,1.2032520325203189,4.705800969194751,-0.14000000000000012,-0.40000000000000036,0.08200828157349971,0.0
1964-11-01,1.3970110461338558,7.414667019314725,0.040000000000000036,-0.9000000000000004,0.03101307189542446,0.0
1964-12-01,1.1981865284974136,8.895374797164113,0.4700000000000002,-0.5,0.05097402597402567,0.0
1965-01-01,1.098901098901095,9.108574554143335,0.41999999999999993,-0.6999999999999993,0.02268181818181869,0.0
1965-02-01,1.1970236169524417,9.047205452914287,0.5,-0.3000000000000007,0.06555555555555515,0.0
1965-03-01,1.1958629605688387,10.490855216833417,0.6199999999999997,-0.7000000000000002,-0.00908902691511404,0.0
1965-04-01,1.3893376413570246,9.185349299291378,0.6199999999999997,-0.5,-0.028463203463203968,0.0
1965-05-01,1.6139444803098701,9.416372346749657,0.5999999999999996,-0.5,0.011499999999999844,0.0
1965-06-01,1.9348597226700903,9.952994999616415,0.5499999999999998,-0.6000000000000005,0.04318181818181799,0.0
1965-07-01,1.8052869116698789,10.261100314207216,0.6699999999999999,-0.5,0.018852813852813455,0.0
1965-08-01,1.6103059581320522,10.009361620110969,0.6200000000000001,-0.5999999999999996,0.05846320346320244,0.0
1965-09-01,1.737451737451745,9.880154307758238,0.5699999999999994,-0.7999999999999998,0.08666666666666689,0.0
1965-10-01,1.7030848329048665,12.546855549296554,0.7200000000000002,-0.8999999999999995,0.1614047619047616,0.0
1965-11-01,1.7302146747837144,9.62755336085701,0.5799999999999996,-0.7000000000000002,0.29616959064327464,0.0
1965-12-01,1.9200000000000106,9.694539175192428,0.4700000000000002,-1.0,0.43590909090909147,0.0
1966-01-01,1.9181585677749302,9.591562116594776,0.52,-0.9000000000000004,0.422880952380952,0.0
1966-02-01,2.5575447570332477,9.620471403426546,0.6199999999999997,-1.2999999999999998,0.6209941520467837,0.0
1966-03-01,2.7786649632705274,9.66913382158847,0.6100000000000003,-0.9000000000000004,0.6630434782608701,0.0
1966-04-01,2.8680688336520044,9.366967926460813,0.5800000000000001,-1.0,0.5461904761904766,0.0
1966-05-01,2.763659466327839,9.552314172669686,0.8000000000000007,-0.6999999999999997,0.5670714285714284,0.0
1966-06-01,2.4359379943056148,9.222982294233507,1.12,-0.7999999999999998,0.6013636363636357,0.0
1966-07-01,2.754908169727699,8.798773418624295,1.21,-0.6000000000000005,0.8132380952380949,0.0
1966-08-01,3.4865293185419866,8.424428245158477,1.4100000000000001,-0.6000000000000005,0.972075098814229,0.0
1966-09-01,3.5736875395319334,9.159650228749427,1.3800000000000008,-0.5999999999999996,0.8919047619047618,0.0
1966-10-01,3.791469194312813,8.818577003049421,1.4500000000000002,-0.5,0.6619999999999999,0.0
1966-11-01,3.5590551181102548,7.622109748780814,1.6600000000000001,-0.49999999999999956,0.7063157894736847,0.0
1966-12-01,3.3594976452119285,6.546645839284748,1.08,-0.20000000000000018,0.22740259740259727,0.0
1967-01-01,3.19949811794229,6.00807737912521,0.5200000000000005,-0.10000000000000009,-0.0333333333333341,0.0
1967-02-01,2.8678304239401653,4.130785791173297,0.40000000000000036,0.0,-0.20543859649122798,0.0
1967-03-01,2.5481665630826544,2.145608787733977,-0.1299999999999999,0.0,-0.3316600790513835,0.0
1967-04-01,2.5402726146220633,2.945611327733877,-0.6200000000000001,0.0,-0.15649999999999942,0.0
1967-05-01,2.3183925811437467,1.0855137446869279,-0.9600000000000004,-0.10000000000000009,0.06915584415584419,0.0
1967-06-01,2.8412600370598895,0.5987172004889629,-1.19,0.10000000000000009,0.20818181818181802,0.0
1967-07-01,2.9275808936825687,-0.17673150672272708,-1.5099999999999998,0.0,0.1410000000000009,0.0
1967-08-01,2.6033690658499253,1.6568702983924544,-1.6300000000000003,0.0,0.05130434782608795,0.0
1967-09-01,2.595419847328251,0.5540482976880146,-1.4100000000000001,0.09999999999999964,0.1196190476190484,0.0
1967-10-01,2.5875190258751957,0.6754454703417068,-1.6500000000000004,0.2999999999999998,0.4694523809523812,0.0
1967-11-01,3.10218978102188,2.823138586801144,-1.63,0.2999999999999998,0.5982368421052628,0.0
1967-12-01,3.280680437424044,3.6908578534837755,-0.8900000000000006,0.0,0.8561428571428564,0.0
1968-01-01,3.647416413373872,3.0929737402413116,-0.33000000000000007,-0.19999999999999973,0.9495887445887448,0.0
1968-02-01,3.6363636363636376,4.649179480553056,-0.29000000000000004,0.0,0.9370175438596489,0.0
1968-03-01,3.9393939393939315,5.571020988067876,0.5199999999999996,-0.09999999999999964,1.1981818181818182,0.0
1968-04-01,3.92749244712991,4.735980867266654,1.71,-0.2999999999999998,1.044999999999999,0.0
1968-05-01,4.229607250755274,6.843132048899303,2.18,-0.2999999999999998,1.0218181818181815,0.0
1968-06-01,4.2042042042042205,7.248928463192517,2.0900000000000003,-0.19999999999999973,0.6952727272727275,0.0
1968-07-01,4.491017964071853,7.3288281512167375,2.24,-0.09999999999999964,0.33645454545454534,0.0
1968-08-01,4.477611940298498,5.604898112114998,2.1300000000000003,-0.2999999999999998,0.14480237154150188,0.0
1968-09-01,4.464285714285721,6.17723404799746,1.79,-0.3999999999999999,0.15799999999999947,0.0
1968-10-01,4.7477744807121525,5.528905132956008,2.0300000000000002,-0.6000000000000001,0.10165631469979353,0.0
1968-11-01,4.424778761061954,5.38643118697224,1.6900000000000004,-0.5,-0.05738888888888827,0.0
1968-12-01,4.705882352941182,4.592942652172005,1.5099999999999998,-0.3999999999999999,0.3329047619047625,0.0
1969-01-01,4.692082111436946,5.338914207823331,1.6899999999999995,-0.30000000000000027,0.5131818181818177,1.0
1969-02-01,4.678362573099393,5.634579608501666,1.9000000000000004,-0.3999999999999999,0.6252631578947367,1.0
1969-03-01,5.247813411078739,6.131559368024853,1.7400000000000002,-0.30000000000000027,0.556,1.0
1969-04-01,5.523255813953476,5.588438542198726,1.6500000000000004,-0.10000000000000009,0.5348333333333333,1.0
1969-05-01,5.507246376811592,4.022203014423864,2.55,-0.10000000000000009,0.4537878787878791,1.0
1969-06-01,5.475504322766556,4.654179449916573,2.83,-0.20000000000000018,0.8562857142857148,1.0
1969-07-01,5.4441260744985565,5.368318913236836,2.579999999999999,-0.20000000000000018,1.2240692640692643,1.0
1969-08-01,5.428571428571427,5.316561168675826,3.1599999999999993,0.0,1.2709740259740263,1.0
1969-09-01,5.698005698005693,4.895649798904289,3.37,0.30000000000000027,1.699523809523809,1.0
1969-10-01,5.665722379603411,4.718382879560434,3.09,0.30000000000000027,1.5128458498023702,1.0
1969-11-01,5.932203389830515,2.4066315600629107,3.0299999999999994,0.10000000000000009,1.4480065359477123,1.0
1969-12-01,5.89887640449438,1.8102058474672056,2.950000000000001,0.10000000000000009,1.622186147186146,0.0
1970-01-01,6.162464985994376,-0.6757586927141013,2.6800000000000006,0.5,1.7529437229437237,0.0
1970-02-01,6.424581005586605,-1.372275514895549,2.37,0.8000000000000003,1.0493859649122808,0.0
1970-03-01,6.094182825484751,-2.2667525773195862,0.9699999999999998,1.0000000000000004,0.7768571428571427,0.0
1970-04-01,6.060606060606077,-2.1581952179795305,0.6899999999999995,1.1999999999999997,1.2175757575757578,0.0
1970-05-01,6.043956043956045,-1.9012700234477875,-0.7199999999999998,1.4,1.5828571428571427,0.0
1970-06-01,6.010928961748618,-3.1647783086552472,-1.29,1.4000000000000004,1.267532467532468,0.0
1970-07-01,5.7065217391304435,-3.436958818398328,-1.3999999999999995,1.5,0.7377489177489167,0.0
1970-08-01,5.691056910569103,-3.8300261596375784,-2.5699999999999994,1.5999999999999996,0.8357142857142845,0.0
1970-09-01,5.660377358490565,-4.471367269366944,-2.8600000000000003,1.7000000000000002,0.23000000000000131,0.0
1970-10-01,5.630026809651478,-6.409817992507383,-2.8,1.7999999999999998,0.2312121212121223,0.0
1970-11-01,5.600000000000005,-6.091333941333177,-3.25,2.4000000000000004,-0.30300653594771276,0.0
1970-12-01,5.570291777188308,-3.676159084098818,-4.07,2.5999999999999996,-1.2627272727272727,0.0
1971-01-01,5.277044854881274,-1.1040984555781286,-4.840000000000001,2.0000000000000004,-1.5562619047619046,0.0
1971-02-01,4.724409448818889,-1.2275545301792423,-5.26,1.7000000000000002,-1.1261111111111113,0.0
1971-03-01,4.438642297650142,-1.2062077240542757,-4.05,1.5999999999999996,-1.3693788819875774,0.0
1971-04-01,4.155844155844157,-0.3952621420828639,-3.9399999999999995,1.3000000000000007,-1.5570995670995664,0.0
1971-05-01,4.404145077720201,0.2268462025098783,-3.3200000000000003,1.1000000000000005,-1.513690476190476,0.0
1971-06-01,4.381443298969079,0.9737974915486447,-2.7,1.0,-1.3195454545454552,0.0
1971-07-01,4.370179948586128,0.4344474437801171,-1.9000000000000004,1.0,-0.7277489177489178,0.0
1971-08-01,4.358974358974366,0.029722571639356765,-1.0499999999999998,1.0,-0.9444155844155846,0.0
1971-09-01,4.081632653061207,2.36090438537655,-0.7400000000000002,0.5999999999999996,-1.25,0.0
1971-10-01,3.8071065989847774,5.232388509414165,-1.0,0.2999999999999998,-1.4008771929824562,0.0
1971-11-01,3.535353535353525,6.322665247425352,-0.6899999999999995,0.09999999999999964,-1.0311111111111106,0.0
1971-12-01,3.266331658291466,5.135631629054527,-0.7600000000000007,-0.09999999999999964,-0.46499999999999986,0.0
1972-01-01,3.2581453634085378,6.827623465414789,-0.6299999999999999,-0.10000000000000053,-0.29088095238095235,0.0
1972-02-01,3.759398496240607,8.11173297567973,-0.4200000000000004,-0.20000000000000018,-0.031222222222221596,0.0
1972-03-01,3.499999999999992,8.977367062522879,0.1200000000000001,-0.20000000000000018,0.36515810276679783,0.0
1972-04-01,3.4912718204488824,9.453063824704365,0.009999999999999787,-0.20000000000000018,0.36069047619047545,0.0
1972-05-01,3.2258064516129226,8.915715470386566,-0.3600000000000003,-0.20000000000000018,-0.26613636363636406,0.0
1972-06-01,2.9629629629629672,8.748034105314083,-0.4500000000000002,-0.20000000000000018,-0.41545454545454596,0.0
1972-07-01,2.9556650246305383,8.94255547554803,-0.7599999999999998,-0.40000000000000036,-0.6165238095238088,0.0
1972-08-01,2.9484029484029284,11.105510306953548,-0.7600000000000007,-0.5,-0.3722924901185767,0.0
1972-09-01,3.1862745098039325,10.20111941857067,-0.6799999999999997,-0.5,0.40997619047618983,0.0
1972-10-01,3.1784841075794823,10.771550875301884,-0.15000000000000036,-0.20000000000000018,0.5537105263157889,0.0
1972-11-01,3.4146341463414664,11.607721107128931,0.14999999999999947,-0.7000000000000002,0.4704999999999995,0.0
1972-12-01,3.406326034063256,11.563253280957063,1.1900000000000004,-0.7999999999999998,0.43213636363636443,1.0
1973-01-01,3.6407766990291357,9.745944276147966,2.4300000000000006,-0.8999999999999995,0.516926406926407,1.0
1973-02-01,3.864734299516903,10.202757862077295,3.2800000000000002,-0.7000000000000002,0.554555555555555,1.0
1973-03-01,4.8309178743961345,9.499268853655618,3.26,-0.8999999999999995,0.6404545454545456,1.0
1973-04-01,5.301204819277117,8.254920601045711,2.95,-0.7000000000000002,0.4740000000000002,1.0
1973-05-01,5.528846153846145,8.97758271601945,3.5700000000000003,-0.7999999999999998,0.7209090909090907,1.0
1973-06-01,5.995203836930463,8.83633980415821,4.03,-0.7999999999999998,0.7931818181818189,1.0
1973-07-01,5.741626794258381,9.345697095887772,5.8500000000000005,-0.7999999999999998,1.017952380952381,1.0
1973-08-01,7.398568019093088,7.695742496239166,5.69,-0.7999999999999998,1.1943478260869567,1.0
1973-09-01,7.3634204275534465,7.6971184368870516,5.909999999999999,-0.7000000000000002,0.5410263157894732,1.0
1973-10-01,8.056872037914697,7.2459496507553345,4.96,-1.0,0.31478571428571467,1.0
1973-11-01,8.25471698113207,6.474425959662278,4.97,-0.5,0.4479999999999995,1.0
1973-12-01,8.94117647058823,4.998776770995539,4.619999999999999,-0.2999999999999998,0.38518421052631524,1.0
1974-01-01,9.601873536299754,3.5582220466756853,3.71,0.1999999999999993,0.5240909090909085,1.0
1974-02-01,9.999999999999986,1.775183684065662,2.3900000000000006,0.20000000000000018,0.3216666666666672,1.0
1974-03-01,10.138248847926267,1.7295797962173731,2.26,0.1999999999999993,0.4999567099567095,1.0
1974-04-01,10.068649885583515,1.5824833608505617,3.3899999999999997,0.09999999999999964,0.8438809523809523,0.0
1974-05-01,10.70615034168565,1.6943721922706434,3.4700000000000006,0.1999999999999993,0.7286363636363635,0.0
1974-06-01,10.859728506787313,1.3783372404368555,3.4399999999999995,0.5,0.6355000000000004,0.0
1974-07-01,11.538461538461519,1.2366153273875247,2.5199999999999996,0.7000000000000002,0.6740476190476192,0.0
1974-08-01,10.888888888888882,0.2986570410559164,1.5099999999999998,0.7000000000000002,0.6393083003952578,0.0
1974-09-01,11.946902654867241,-0.4968941366931823,0.5600000000000005,1.1000000000000005,0.9469736842105263,0.0
1974-10-01,11.842105263157897,-1.6003228128339875,0.05000000000000071,1.4000000000000004,1.102532467532467,0.0
1974-11-01,12.200435729847502,-5.27083744976149,-0.5800000000000001,1.7999999999999998,0.9526111111111115,0.0
1974-12-01,12.095032397408211,-8.426496526794857,-1.42,2.3,0.6901253132832075,0.0
1975-01-01,11.752136752136755,-9.10294517365038,-2.5200000000000005,3.0,0.5127272727272727,0.0
1975-02-01,11.205073995771686,-10.905556569523645,-2.7300000000000004,2.8999999999999995,0.4349999999999996,0.0
1975-03-01,10.460251046025103,-11.90451583963129,-3.8099999999999996,3.5,0.5189523809523813,0.0
1975-04-01,10.187110187110182,-11.440706934156065,-5.02,3.700000000000001,0.7144372294372294,0.0
1975-05-01,9.259259259259256,-12.425718311584877,-6.090000000000001,3.9000000000000004,0.48361471861471994,0.0
1975-06-01,9.183673469387754,-11.71888356515679,-6.38,3.4000000000000004,0.32545238095238105,0.0
1975-07-01,9.533468559837743,-10.985278453964275,-6.82,3.0999999999999996,0.256363636363635,0.0
1975-08-01,8.617234468937895,-9.144807523111819,-5.87,2.9000000000000004,0.35352813852813725,0.0
1975-09-01,7.905138339920947,-7.971660053275553,-5.1,2.5,0.389166666666668,0.0
1975-10-01,7.647058823529407,-7.314472672138828,-4.24,2.4000000000000004,0.24090909090909207,0.0
1975-11-01,7.37864077669903,-4.029770009030942,-4.2299999999999995,1.700000000000001,0.37183006535947705,0.0
1975-12-01,7.129094412331405,0.9228764448925508,-3.329999999999999,0.9999999999999991,0.5630086580086591,0.0
1976-01-01,6.692160611854692,3.6983090412755937,-2.26,-0.1999999999999993,0.24101731601731657,0.0
1976-02-01,6.273764258555126,7.173373810669714,-1.4700000000000006,-0.39999999999999947,0.400555555555556,0.0
1976-03-01,6.060606060606055,8.61875308882334,-0.7000000000000002,-1.0,0.006347826086956054,0.0
1976-04-01,5.849056603773595,8.903487037226121,-0.6699999999999999,-1.1000000000000005,-0.6625324675324675,0.0
1976-05-01,6.214689265536721,9.72709761076118,0.07000000000000028,-1.5999999999999996,-0.16452380952380974,0.0
1976-06-01,5.981308411214958,9.152820950810892,-0.0699999999999994,-1.200000000000001,0.0004112554112536415,0.0
1976-07-01,5.555555555555558,8.63575384403703,-0.79,-0.7999999999999998,-0.22945887445887347,0.0
1976-08-01,5.719557195571956,8.317315412727066,-0.8499999999999996,-0.6000000000000005,-0.6289826839826835,0.0
1976-09-01,5.494505494505497,7.306439524962527,-0.9900000000000002,-0.8000000000000007,-0.8323809523809542,0.0
1976-10-01,5.464480874316946,6.804022624272066,-0.8000000000000007,-0.7000000000000002,-0.726727272727274,0.0
1976-11-01,5.063291139240511,8.286421923252373,-0.2699999999999996,-0.5000000000000009,-0.761888544891641,0.0
1976-12-01,5.035971223021574,7.9827715391104,-0.5499999999999998,-0.39999999999999947,-1.127727272727273,0.0
1977-01-01,5.197132616487465,5.831232616764193,-0.2599999999999998,-0.40000000000000036,-0.5290476190476197,0.0
1977-02-01,6.082289803220031,6.459264581591739,-0.08999999999999986,-0.10000000000000053,-0.4017251461988307,0.0
1977-03-01,6.428571428571428,7.587184719464668,-0.14999999999999947,-0.1999999999999993,-0.27434782608695496,0.0
1977-04-01,6.951871657754016,8.08479695971207,-0.08999999999999986,-0.5,-0.19378571428571423,0.0
1977-05-01,6.737588652482285,8.475907701975927,0.05999999999999961,-0.40000000000000036,-0.43833333333333346,0.0
1977-06-01,6.701940035273357,9.207368806538119,-0.09000000000000075,-0.39999999999999947,-0.58590909090909,0.0
1977-07-01,6.666666666666665,8.727758791878614,0.11000000000000032,-0.8999999999999995,-0.5019047619047612,0.0
1977-08-01,6.631762652705064,8.091746746274552,0.6100000000000003,-0.7999999999999998,-0.3721146245059286,0.0
1977-09-01,6.423611111111094,8.163484591053471,0.8899999999999997,-0.7999999999999998,-0.2504761904761894,0.0
1977-10-01,6.390328151986191,8.349138461882966,1.4500000000000002,-0.9000000000000004,0.11250000000000071,0.0
1977-11-01,6.712564543889843,6.918736986978158,1.5599999999999996,-1.0,0.28631578947368475,0.0
1977-12-01,6.67808219178081,5.964511863563571,1.9099999999999993,-1.3999999999999995,0.8161471861471856,0.0
1978-01-01,6.814310051107331,5.140555542127112,2.09,-1.0999999999999996,0.7428571428571438,0.0
1978-02-01,6.2394603709949426,4.059687157267189,2.1000000000000005,-1.2999999999999998,0.6422807017543857,0.0
1978-03-01,6.375838926174482,4.716084453794966,2.0999999999999996,-1.1000000000000005,0.5759090909090894,0.0
1978-04-01,6.499999999999995,5.822494520652288,2.1599999999999993,-1.1000000000000005,0.7835000000000001,0.0
1978-05-01,7.14285714285714,5.484550104846431,2.0100000000000007,-1.0,0.8890476190476182,0.0
1978-06-01,7.438016528925617,5.349748810704069,2.21,-1.2999999999999998,1.1868181818181824,0.0
1978-07-01,7.7302631578947345,5.128450481559299,2.3899999999999997,-0.7000000000000002,1.3099999999999996,0.0
1978-08-01,7.855973813420625,5.455678972579259,2.139999999999999,-1.0999999999999996,1.014347826086956,0.0
1978-09-01,8.482871125611746,5.288820730604393,2.3099999999999996,-0.7999999999999998,1.072690476190477,0.0
1978-10-01,8.92857142857142,5.928852938076479,2.490000000000001,-1.0,1.1188809523809518,0.0
1978-11-01,8.870967741935477,6.550238158597743,3.25,-0.8999999999999995,1.227631578947368,0.0
1978-12-01,8.988764044943842,6.890239256716546,3.4699999999999998,-0.40000000000000036,1.3212619047619043,0.0
1979-01-01,9.250398724082931,7.899373224851147,3.37,-0.5,1.143354978354978,0.0
1979-02-01,9.84126984126985,7.8387839781807855,3.2800000000000002,-0.39999999999999947,1.0649999999999995,1.0
1979-03-01,10.252365930599371,6.156058458180791,3.3,-0.5,1.081363636363637,1.0
1979-04-01,10.485133020344284,2.7962479458462974,3.12,-0.2999999999999998,1.0279999999999987,1.0
1979-05-01,10.697674418604652,3.246706729812554,2.88,-0.40000000000000036,0.9066666666666681,1.0
1979-06-01,11.076923076923073,2.6026045816437637,2.6899999999999995,-0.20000000000000018,0.45153679653679646,1.0
1979-07-01,11.45038167938932,2.515512956484578,2.660000000000001,-0.5,0.3099999999999987,1.0
1979-08-01,11.836115326251884,1.423960209514874,2.9000000000000004,0.09999999999999964,0.6186956521739138,0.0
1979-09-01,11.879699248120312,1.1504803987860246,2.9800000000000004,-0.09999999999999964,0.9182368421052622,0.0
1979-10-01,12.071535022354718,1.126699560440847,4.809999999999999,0.20000000000000018,1.6567099567099568,0.0
1979-11-01,12.592592592592599,0.19689688953252737,3.42,0.0,1.8481578947368416,0.0
1979-12-01,13.254786450662737,-0.23348552274172762,3.75,0.0,1.3795000000000002,0.0
1980-01-01,13.868613138686126,0.8524477122790364,3.75,0.39999999999999947,1.702727272727273,0.0
1980-02-01,14.161849710982644,0.3986490654493968,4.07,0.39999999999999947,3.3164035087719306,0.0
1980-03-01,14.592274678111572,-0.3354814908751447,7.100000000000001,0.5,3.631774891774892,0.0
1980-04-01,14.589235127478762,-1.1272032096897422,7.6,1.1000000000000005,2.291333333333334,0.0
1980-05-01,14.425770308123242,-4.4262762693309865,0.7400000000000002,1.9000000000000004,0.9290476190476191,0.0
1980-06-01,14.265927977839322,-5.68111529679266,-0.8199999999999985,1.8999999999999995,0.8642857142857139,0.0
1980-07-01,13.15068493150684,-6.187644398635772,-1.4400000000000013,2.0999999999999996,1.2977272727272737,0.0
1980-08-01,12.890094979647216,-5.269446883913231,-1.33,1.7000000000000002,2.072339544513458,1.0
1980-09-01,12.768817204301076,-3.6900720369531848,-0.5600000000000005,1.5999999999999996,2.1738345864661657,1.0
1980-10-01,12.632978723404253,-3.168999139550932,-0.9599999999999991,1.5,1.4522727272727263,1.0
1980-11-01,12.631578947368416,-1.3950855117857652,2.67,1.5999999999999996,2.031547987616099,1.0
1980-12-01,12.353706111833551,-0.8052089488257752,5.119999999999999,1.2000000000000002,2.4580909090909095,1.0
1981-01-01,11.794871794871797,-1.9712721273567824,5.259999999999998,1.2000000000000002,1.7662987012987,1.0
1981-02-01,11.392405063291132,-2.415421834798981,1.799999999999999,1.1000000000000005,0.7797076023391813,1.0
1981-03-01,10.611735330836458,-1.5180258338153063,-2.490000000000002,1.1000000000000005,0.36686147186147267,1.0
1981-04-01,10.135970333745359,0.03599549171218186,-1.8899999999999988,0.2999999999999998,2.2061904761904767,1.0
1981-05-01,9.79192166462668,3.1468672487850124,7.539999999999999,0.0,3.9180714285714284,1.0
1981-06-01,9.696969696969692,5.029602722878468,9.63,-0.09999999999999964,3.6941774891774877,1.0
1981-07-01,10.774818401937058,6.466970757490653,10.01,-0.5999999999999996,4.033181818181818,1.0
1981-08-01,10.817307692307686,6.001891037671014,8.21,-0.2999999999999998,3.835238095238095,1.0
1981-09-01,10.96543504171632,3.778994689351256,5.0,0.09999999999999964,3.8152380952380955,1.0
1981-10-01,10.271546635182993,1.6682340189835498,2.2699999999999996,0.40000000000000036,3.396731601731604,1.0
1981-11-01,9.579439252336464,-1.1681112106147085,-2.539999999999999,0.8000000000000007,0.7080718954248368,1.0
1981-12-01,8.912037037037024,-2.8656357308042835,-6.529999999999999,1.2999999999999998,0.8804545454545458,0.0
1982-01-01,8.25688073394495,-4.257320023902123,-5.859999999999998,1.0999999999999996,2.025428571428572,0.0
1982-02-01,7.613636363636367,-1.8896584290886143,-1.1500000000000004,1.5,1.2311111111111117,0.0
1982-03-01,6.884875846501148,-3.0348885922016455,-0.019999999999999574,1.5999999999999996,0.7453952569169946,0.0
1982-04-01,6.621773288439958,-3.5058397892170245,-0.7800000000000011,2.1000000000000005,0.19238095238095276,0.0
1982-05-01,6.911928651059096,-4.694474041779495,-4.07,1.9000000000000004,-0.4770000000000021,0.0
1982-06-01,7.182320441988943,-5.424420493249382,-4.950000000000001,2.0999999999999996,0.827272727272728,0.0
1982-07-01,6.557377049180335,-6.349148068200938,-6.449999999999999,2.6000000000000005,-0.3347186147186143,0.0
1982-08-01,5.965292841648595,-7.088265683228013,-7.700000000000001,2.4000000000000004,-1.882142857142858,0.0
1982-09-01,4.940923737916236,-6.868842801509523,-5.559999999999999,2.5,-2.984761904761905,0.0
1982-10-01,5.032119914346889,-7.0372990567941995,-5.369999999999999,2.5,-4.24159523809524,0.0
1982-11-01,4.47761194029852,-6.24962823436106,-4.110000000000001,2.5,-2.842251461988303,0.0
1982-12-01,3.825717321997879,-5.912378478798031,-3.42,2.3000000000000007,-3.1845454545454555,0.0
1983-01-01,3.7076271186440746,-2.13859643737786,-4.540000000000001,1.8000000000000007,-4.136857142857142,0.0
1983-02-01,3.484688489968324,-4.693403605034529,-6.27,1.5,-3.7008187134502926,0.0
1983-03-01,3.5902851108764455,-3.2461646238918895,-5.91,1.3000000000000007,-3.3547826086956523,0.0
1983-04-01,4.0000000000000036,-1.1083036169128868,-6.139999999999999,0.8999999999999986,-3.471904761904762,0.0
1983-05-01,3.44108446298228,0.15508233107617286,-5.8199999999999985,0.6999999999999993,-3.2424999999999997,0.0
1983-06-01,2.4742268041237248,1.0316445022150678,-5.17,0.5,-3.450909090909091,0.0
1983-07-01,2.358974358974364,2.8744407943608996,-3.2200000000000006,-0.40000000000000036,-2.569190476190478,0.0
1983-08-01,2.456499488229258,5.050271558043451,-0.5599999999999987,-0.3000000000000007,-1.2089130434782618,0.0
1983-09-01,2.763561924257929,6.8416393880686766,-0.8600000000000012,-0.9000000000000004,-0.6852380952380965,0.0
1983-10-01,2.752293577981657,8.710903491149335,-0.23000000000000043,-1.5999999999999996,0.634500000000001,0.0
1983-11-01,3.1632653061224536,9.551635894507537,0.14000000000000057,-2.3000000000000007,1.139473684210527,0.0
1983-12-01,3.7871033776867957,10.886183797139415,0.5200000000000014,-2.5,1.2895238095238106,0.0
1984-01-01,4.290091930541351,11.03037425193525,0.8800000000000008,-2.4000000000000004,1.217142857142857,0.0
1984-02-01,4.693877551020398,12.222425631216694,1.08,-2.6000000000000005,1.1173684210526318,0.0
1984-03-01,4.892966360856277,11.828004106467693,1.1400000000000006,-2.500000000000001,1.812569169960474,0.0
1984-04-01,4.5546558704453455,11.083408371126957,1.4899999999999984,-2.499999999999999,2.2334999999999994,0.0
1984-05-01,4.3346774193548265,11.016530838380367,1.6899999999999995,-2.6999999999999993,3.0286363636363642,0.0
1984-06-01,4.325955734406439,10.74527207214544,2.08,-2.8999999999999995,2.7142207792207795,0.0
1984-07-01,4.308617234468937,9.422400340189284,1.8600000000000012,-1.9000000000000004,1.9853809523809538,0.0
1984-08-01,4.295704295704317,8.254649187321462,2.08,-2.0,0.8699999999999992,0.0
1984-09-01,4.2828685258964105,6.386728672476449,1.8500000000000014,-1.8999999999999995,0.868822055137846,0.0
1984-10-01,4.265873015873023,5.567847537197523,0.5099999999999998,-1.4000000000000004,0.619454545454543,0.0
1984-11-01,4.154302670623156,5.453162494473873,0.08999999999999986,-1.2999999999999998,-0.11736842105263356,0.0
1984-12-01,4.043392504930954,4.960103266653104,-1.0899999999999999,-1.0000000000000009,-0.3300238095238086,0.0
1985-01-01,3.52595494613126,2.888405510513481,-1.2100000000000009,-0.7000000000000002,-0.2900000000000009,0.0
1985-02-01,3.6062378167641462,2.7201407040452263,-1.0899999999999999,-0.5999999999999996,-0.3332163742690071,0.0
1985-03-01,3.790087463556846,2.3741950892748775,-1.33,-0.5999999999999996,-0.46385281385281196,0.0
1985-04-01,3.581800580832528,1.5505472083101601,-2.0199999999999996,-0.40000000000000036,-1.1987380952380953,0.0
1985-05-01,3.5748792270531515,1.1492068646153486,-2.3500000000000005,-0.20000000000000018,-2.5618181818181824,0.0
1985-06-01,3.6644165863066513,0.7306797251541264,-3.5300000000000002,0.20000000000000018,-3.4068571428571417,0.0
1985-07-01,3.458213256484166,-0.02291387499290254,-3.3500000000000005,-0.09999999999999964,-3.055562770562771,0.0
1985-08-01,3.3524904214559337,0.17799492018613083,-3.74,-0.40000000000000036,-2.384268774703555,0.0
1985-09-01,3.2473734479465,0.8154779178130456,-3.380000000000001,-0.20000000000000018,-2.149473684210527,0.0
1985-10-01,3.2350142721217834,0.5130362266396737,-2.0,-0.3000000000000007,-1.923636363636362,0.0
1985-11-01,3.5137701804368593,0.5279730521382531,-1.379999999999999,-0.20000000000000018,-1.7910526315789461,0.0
1985-12-01,3.791469194312791,1.4633539281426744,-0.11000000000000121,-0.2999999999999998,-2.240452380952382,0.0
1986-01-01,3.9735099337748325,2.042568302210057,-0.20999999999999908,-0.5999999999999996,-2.19047619047619,0.0
1986-02-01,3.19849482596426,1.0483274768402273,-0.6399999999999997,0.0,-2.8046783625730995,0.0
1986-03-01,2.1535580524344455,0.17716115650512343,-1.0999999999999996,0.0,-4.076738095238097,0.0
1986-04-01,1.5887850467289688,0.5395837861830843,-1.2799999999999994,-0.20000000000000018,-4.135670995670995,0.0
1986-05-01,1.679104477611948,0.541901122652777,-1.12,0.0,-3.137294372294371,0.0
1986-06-01,1.7674418604651132,0.18540518149086083,-0.6100000000000003,-0.20000000000000018,-2.356476190476191,0.0
1986-07-01,1.671309192200554,1.3194082831557319,-1.3200000000000003,-0.40000000000000036,-3.003636363636364,0.0
1986-08-01,1.575532900834098,0.8247799581394988,-1.7300000000000004,-0.1999999999999993,-3.1661038961038965,0.0
1986-09-01,1.757631822386685,0.7412926803496367,-2.0300000000000002,-0.09999999999999964,-2.925538847117794,0.0
1986-10-01,1.5668202764977046,1.4862965758343893,-2.1400000000000006,-0.09999999999999964,-2.8104545454545455,0.0
1986-11-01,1.2844036697247763,1.5357187083427482,-2.0100000000000007,-0.09999999999999964,-2.531023391812867,0.0
1986-12-01,1.187214611872145,1.5210709724897686,-1.3599999999999994,-0.40000000000000036,-2.146320346320347,0.0
1987-01-01,1.364877161055511,0.6100656345238598,-1.7100000000000009,-0.10000000000000053,-2.1093095238095234,0.0
1987-02-01,1.9143117593436676,2.6567648418983847,-1.7600000000000007,-0.6000000000000005,-1.4536842105263155,0.0
1987-03-01,2.8414298808432603,3.54296110984762,-1.3500000000000005,-0.6000000000000005,-0.5298636363636353,0.0
1987-04-01,3.679852805887762,4.0493229629387395,-0.6200000000000001,-0.7999999999999998,0.7237662337662334,0.0
1987-05-01,3.669724770642202,4.552760573702974,0.0,-0.9000000000000004,0.9034761904761899,0.0
1987-06-01,3.7477148080438782,5.519439713663821,-0.1899999999999995,-1.0,0.6027489177489178,0.0
1987-07-01,3.926940639269394,5.549483162984625,0.020000000000000462,-0.9000000000000004,1.1436363636363627,0.0
1987-08-01,4.2883211678832245,6.539368743960372,0.5600000000000005,-0.9000000000000004,1.5947619047619046,0.0
1987-09-01,4.2727272727272725,6.686739906867412,1.33,-1.0999999999999996,1.974285714285715,0.0
1987-10-01,4.355716878402904,7.649118005085254,1.4400000000000004,-1.0,2.0936363636363655,0.0
1987-11-01,4.528985507246386,7.742526773047431,0.6500000000000004,-1.1000000000000005,1.6099707602339182,0.0
1987-12-01,4.332129963898912,7.328838312501662,-0.14000000000000057,-0.8999999999999995,1.8749999999999991,0.0
1988-01-01,4.129263913824044,7.683256014634088,0.40000000000000036,-0.8999999999999995,1.58128947368421,0.0
1988-02-01,3.9355992844364973,6.815010338304517,0.4800000000000004,-0.8999999999999995,0.9614736842105263,0.0
1988-03-01,3.832442067736186,6.92376356971911,0.4500000000000002,-0.8999999999999995,1.1248418972332006,0.0
1988-04-01,3.9929015084294583,6.867457888147577,0.5,-0.8999999999999995,0.6956428571428575,0.0
1988-05-01,3.9823008849557473,5.981899007846314,0.2400000000000002,-0.7000000000000002,0.4760476190476197,0.0
1988-06-01,3.96475770925111,5.741687913317128,0.7799999999999994,-0.7999999999999998,0.5190909090909095,0.0
1988-07-01,4.130052724077338,5.040822414780433,1.17,-0.6999999999999993,0.6091818181818205,0.0
1988-08-01,4.111986001749779,4.781020904097089,1.2799999999999994,-0.40000000000000036,0.49995859213250604,0.0
1988-09-01,4.184829991281602,4.043725665351872,0.9699999999999998,-0.5,-0.444761904761906,0.0
1988-10-01,4.260869565217407,3.118549371874013,1.0100000000000007,-0.5999999999999996,-0.7245000000000008,0.0
1988-11-01,4.246100519930662,2.8661985664013345,1.6599999999999993,-0.5,0.10197368421052744,0.0
1988-12-01,4.4117647058823595,2.755857936251749,1.9900000000000002,-0.40000000000000036,0.11798701298701353,0.0
1989-01-01,4.482758620689653,3.0792614276063945,2.289999999999999,-0.2999999999999998,0.42571052631578965,0.0
1989-02-01,4.647160068846801,2.111356945517584,2.7799999999999994,-0.5,0.9569473684210532,0.0
1989-03-01,4.892703862660941,2.1147048238211674,3.2699999999999996,-0.7000000000000002,0.9842490118577079,0.0
1989-04-01,5.034129692832767,1.510544400528735,2.9699999999999998,-0.20000000000000018,0.45699999999999896,0.0
1989-05-01,5.276595744680845,1.1373664245240223,2.7200000000000006,-0.39999999999999947,-0.22995670995670991,0.0
1989-06-01,5.1694915254237195,0.8371301845179868,2.0199999999999996,-0.10000000000000053,-0.6440909090909095,0.0
1989-07-01,5.063291139240511,-0.150328322933313,1.4900000000000002,-0.20000000000000018,-1.0375000000000014,0.0
1989-08-01,4.621848739495804,0.32497957712054326,0.9800000000000004,-0.39999999999999947,-1.1478260869565222,1.0
1989-09-01,4.435146443514637,0.3240432253134973,0.8300000000000001,-0.10000000000000053,-0.7866428571428568,1.0
1989-10-01,4.587155963302747,-0.24121871415987428,0.5399999999999991,-0.10000000000000053,-0.7878809523809522,1.0
1989-11-01,4.655029093931851,-0.14564426549978915,0.20000000000000107,0.10000000000000053,-1.0882142857142858,1.0
1989-12-01,4.639602319801162,-0.05074563869427173,-0.3100000000000005,0.10000000000000053,-1.2697142857142847,1.0
1990-01-01,5.198019801980203,-0.848734447631927,-0.8899999999999988,0.0,-0.8848333333333329,1.0
1990-02-01,5.263157894736836,0.49643524964546604,-1.1199999999999992,0.09999999999999964,-0.6957894736842096,1.0
1990-03-01,5.237315875613735,0.7451289008624462,-1.5700000000000003,0.20000000000000018,-0.7690909090909095,1.0
1990-04-01,4.711616571892785,0.4962367772133325,-1.58,0.20000000000000018,-0.3899999999999988,0.0
1990-05-01,4.365400161681476,1.3782408246781896,-1.6300000000000008,0.20000000000000018,-0.1009090909090915,0.0
1990-06-01,4.673650282030639,1.7298125132548803,-1.2400000000000002,-0.09999999999999964,0.2027272727272731,0.0
1990-07-01,4.819277108433728,2.5412840137444492,-1.0899999999999999,0.2999999999999998,0.452928571428572,0.0
1990-08-01,5.702811244979911,1.9009861881851498,-0.8599999999999994,0.5,0.6400000000000006,0.0
1990-09-01,6.169871794871806,2.229147315019908,-0.8200000000000003,0.6000000000000005,0.7026578947368414,0.0
1990-10-01,6.379585326953752,1.7690408900654653,-0.7300000000000004,0.6000000000000005,0.7119264069264073,0.0
1990-11-01,6.195393169181873,0.1366191065791167,-0.7400000000000011,0.7999999999999998,0.5177142857142849,0.0
1990-12-01,6.254948535233562,-1.1405030076012013,-1.1399999999999997,0.8999999999999995,0.238999999999999,0.0
1991-01-01,5.647058823529405,-0.961460577686335,-1.3200000000000003,1.0,-0.11476190476190418,0.0
1991-02-01,5.312500000000009,-2.577958439290029,-1.9900000000000002,1.2999999999999998,-0.6184210526315796,0.0
1991-03-01,4.821150855365497,-3.61869587651098,-2.1599999999999993,1.5999999999999996,-0.4786363636363635,0.0
1991-04-01,4.809930178432875,-3.1105501802648705,-2.3499999999999996,1.2999999999999998,-0.7464090909090917,0.0
1991-05-01,5.034856700232382,-2.494978108064083,-2.3999999999999995,1.5,-0.6904545454545445,0.0
1991-06-01,4.695919938414161,-2.037136646180182,-2.389999999999999,1.7000000000000002,-0.19599999999999973,0.0
1991-07-01,4.367816091954024,-1.5908264836979713,-2.33,1.2999999999999998,-0.19870129870129816,0.0
1991-08-01,3.7993920972644313,-1.934469200524247,-2.4700000000000006,1.2000000000000002,-0.8526086956521741,0.0
1991-09-01,3.396226415094339,-1.1640559598299127,-2.749999999999999,1.0,-1.2431578947368411,0.0
1991-10-01,2.8485757121439192,-0.6375380485583504,-2.8999999999999995,1.0999999999999996,-1.1922727272727283,0.0
1991-11-01,3.0665669409125185,0.4829362003084814,-3.0,0.7999999999999998,-0.9746315789473678,0.0
1991-12-01,2.980625931445613,0.7336733229858172,-2.88,1.0,-0.9864285714285703,0.0
1992-01-01,2.672605790645899,0.5334053046102349,-2.88,0.8999999999999995,-1.0595238095238102,0.0
1992-02-01,2.8189910979228294,1.996743776757559,-2.1900000000000004,0.8000000000000007,-0.5168421052631587,0.0
1992-03-01,3.189910979228472,3.4616952793256273,-2.14,0.6000000000000005,-0.5677272727272715,0.0
1992-04-01,3.1828275351591495,3.972638518327498,-2.18,0.7000000000000002,-0.5586147186147183,0.0
1992-05-01,3.0235988200590036,3.341941886534139,-1.9600000000000004,0.6999999999999993,-0.675727272727273,0.0
1992-06-01,3.0147058823529305,2.563756841098086,-2.1400000000000006,0.8999999999999995,-1.022181818181819,0.0
1992-07-01,3.1571218795888534,3.218992232364881,-2.5700000000000003,0.9000000000000004,-1.4281818181818187,0.0
1992-08-01,3.0746705710102518,2.6429698460063156,-2.3600000000000003,0.6999999999999993,-1.314285714285714,0.0
1992-09-01,2.9927007299270114,2.1710235537090616,-2.23,0.6999999999999993,-1.2347619047619052,0.0
1992-10-01,3.279883381924198,2.917078740220802,-2.11,0.2999999999999998,-0.9382251082251081,0.0
1992-11-01,3.1204644412191396,3.4710914183461616,-1.7199999999999998,0.40000000000000036,-0.5442105263157897,0.0
1992-12-01,2.966714905933454,4.152288897664813,-1.5099999999999998,0.10000000000000053,-0.3185714285714294,0.0
1993-01-01,3.2537960954446943,5.1026982701394274,-1.0100000000000002,0.0,-0.4323809523809521,0.0
1993-02-01,3.2467532467532534,4.8685284067500945,-1.0299999999999998,-0.3000000000000007,-1.0789473684210522,0.0
1993-03-01,3.0194104960460155,3.8911814838072933,-0.9100000000000001,-0.40000000000000036,-1.56705533596838,0.0
1993-04-01,3.1563845050215145,3.3914177146763924,-0.77,-0.3000000000000007,-1.5109523809523813,0.0
1993-05-01,3.2211882605583497,2.6622718052738525,-0.8199999999999998,-0.5,-1.3565000000000005,0.0
1993-06-01,2.9978586723768963,2.8411547715022856,-0.7199999999999998,-0.7999999999999998,-1.2990909090909089,0.0
1993-07-01,2.8469750889679624,2.1777342523886745,-0.18999999999999995,-0.7999999999999998,-1.0393073593073598,0.0
1993-08-01,2.840909090909083,2.628418293185275,-0.27,-0.7999999999999998,-0.9079870129870136,0.0
1993-09-01,2.7639971651311157,2.833713227717971,-0.13000000000000034,-0.8999999999999995,-1.0552380952380949,0.0
1993-10-01,2.752293577981657,2.892835100274227,-0.10999999999999988,-0.5,-1.2550476190476196,0.0
1993-11-01,2.7445460942997935,2.972500941748568,-0.06999999999999984,-0.8000000000000007,-1.1491578947368417,0.0
1993-12-01,2.8109627547435068,3.407732938414032,0.040000000000000036,-0.9000000000000004,-0.9959090909090902,0.0
1994-01-01,2.450980392156854,3.3086266095749384,0.029999999999999805,-0.7000000000000002,-0.8494999999999999,0.0
1994-02-01,2.515723270440251,2.8734118125557373,0.2200000000000002,-0.5,-0.28578947368421126,0.0
1994-03-01,2.6517794836008246,4.013742016462052,0.27,-0.5,0.5073913043478262,0.0
1994-04-01,2.364394993045882,4.342604424720231,0.6000000000000001,-0.6999999999999993,1.0025814536340851,0.0
1994-05-01,2.288488210818307,5.220887873549018,1.0099999999999998,-1.0,1.1478333333333328,0.0
1994-06-01,2.494802494802495,5.692891278467149,1.21,-0.9000000000000004,1.1386363636363628,0.0
1994-07-01,2.69896193771626,5.548865528406344,1.1999999999999997,-0.8000000000000007,1.4927619047619052,0.0
1994-08-01,2.900552486187835,6.384761951629092,1.44,-0.7999999999999998,1.5583596837944667,0.0
1994-09-01,2.965517241379323,6.156180732641192,1.6400000000000006,-0.7999999999999998,2.097142857142857,0.0
1994-10-01,2.609890109890123,6.231501771426062,1.7699999999999996,-1.0,2.41,0.0
1994-11-01,2.602739726027403,6.4711768991924545,2.27,-1.0,2.231,0.0
1994-12-01,2.597402597402576,6.925835091579047,2.49,-1.0,2.0397186147186144,0.0
1995-01-01,2.8708133971291794,6.800469318244806,2.4800000000000004,-1.0,2.029,0.0
1995-02-01,2.862985685071595,6.617845269116707,2.67,-1.1999999999999993,1.4963157894736838,0.0
1995-03-01,2.7872195785180187,5.7165348260771465,2.6400000000000006,-1.0999999999999996,0.7221739130434788,0.0
1995-04-01,3.125000000000022,4.913630863868201,2.4899999999999998,-0.6000000000000005,0.09052631578947334,0.0
1995-05-01,3.1186440677966054,4.945992374531105,2.0,-0.5,-0.550606060606059,0.0
1995-06-01,3.0425963488843744,4.587732144288292,1.75,-0.5,-0.9331818181818177,0.0
1995-07-01,2.8301886792452713,4.012060921624383,1.5899999999999999,-0.39999999999999947,-1.0199999999999996,0.0
1995-08-01,2.6174496644295386,4.689029105863818,1.2700000000000005,-0.2999999999999998,-0.7478260869565228,0.0
1995-09-01,2.54521098459477,4.7816808149161005,1.0699999999999994,-0.3000000000000007,-1.2596428571428575,0.0
1995-10-01,2.7443105756358666,3.7627368685886786,1.0,-0.2999999999999998,-1.699238095238095,0.0
1995-11-01,2.603471295060067,3.3298500978240275,0.5099999999999998,0.0,-2.02452380952381,0.0
1995-12-01,2.5316455696202667,2.6396897921781903,0.14999999999999947,0.09999999999999964,-2.1023095238095237,0.0
1996-01-01,2.7906976744185963,1.8788215519394358,0.02999999999999936,0.0,-2.127119047619048,0.0
1996-02-01,2.717031146454607,3.4865787366735512,-0.7000000000000002,0.09999999999999964,-1.663973684210525,0.0
1996-03-01,2.8439153439153486,3.188414739319012,-0.6700000000000008,0.09999999999999964,-0.936211180124225,0.0
1996-04-01,2.832674571805005,4.395391371041835,-0.8300000000000001,-0.20000000000000018,-0.5512679425837312,0.0
1996-05-01,2.827087442472065,4.661591494286932,-0.7699999999999996,0.0,0.10409090909090857,0.0
1996-06-01,2.8215223097112663,5.110978907668273,-0.7300000000000004,-0.2999999999999998,0.7438181818181828,0.0
1996-07-01,2.8833551769331667,5.568536043472649,-0.4499999999999993,-0.20000000000000018,0.5874545454545448,0.0
1996-08-01,2.8122956180510084,4.720645436557502,-0.5200000000000005,-0.6000000000000005,0.1471936758893282,0.0
1996-09-01,3.0045721750489918,4.952801645891314,-0.5,-0.39999999999999947,0.634500000000001,0.0
1996-10-01,3.0618892508143203,5.168722601692299,-0.5199999999999996,-0.2999999999999998,0.48887445887445935,0.0
1996-11-01,3.2530904359141077,5.855898562613082,-0.4900000000000002,-0.1999999999999993,0.27320802005012634,0.0
1996-12-01,3.378817413905133,6.165643121709419,-0.3099999999999996,-0.1999999999999993,0.5908809523809522,0.0
1997-01-01,3.0381383322559907,6.946049233947327,-0.3099999999999996,-0.2999999999999998,0.9266666666666659,0.0
1997-02-01,3.0322580645161246,6.661807501031536,-0.02999999999999936,-0.2999999999999998,0.6139736842105261,0.0
1997-03-01,2.7652733118971096,7.470272474009643,0.08000000000000007,-0.2999999999999998,0.4259285714285719,0.0
1997-04-01,2.434336963484962,6.536171976339267,0.29000000000000004,-0.5,0.37409090909090814,0.0
1997-05-01,2.237851662404089,6.331688761977006,0.2599999999999998,-0.6999999999999993,-0.025865800865800814,0.0
1997-06-01,2.233567326100827,6.012329789391524,0.29000000000000004,-0.2999999999999998,-0.41819047619047645,0.0
1997-07-01,2.165605095541401,6.901473595485519,0.11999999999999922,-0.5999999999999996,-0.6450000000000005,0.0
1997-08-01,2.2900763358778775,7.421174007233544,0.3200000000000003,-0.2999999999999998,-0.3368831168831159,0.0
1997-09-01,2.21940393151554,7.7307713474798145,0.2400000000000002,-0.2999999999999998,-0.6234285714285726,0.0
1997-10-01,2.0859671302149163,8.653836077256006,0.2599999999999998,-0.5,-0.5040909090909089,0.0
1997-11-01,1.8903591682419618,8.512624010737335,0.20999999999999996,-0.8000000000000007,-0.32868421052631636,0.0
1997-12-01,1.6970458830924073,8.280957988374027,0.20999999999999996,-0.7000000000000002,-0.4937445887445886,0.0
1998-01-01,1.6311166875784044,8.58347433946034,0.3099999999999996,-0.7000000000000002,-1.0345476190476184,0.0
1998-02-01,1.440200375704448,7.476143150007708,0.3199999999999994,-0.6000000000000005,-0.844736842105263,0.0
1998-03-01,1.3767209011263937,6.835942439493192,0.10000000000000053,-0.5,-1.0472272727272722,0.0
1998-04-01,1.4383989993745905,7.077008185695677,-0.05999999999999961,-0.7999999999999998,-1.2478354978354975,0.0
1998-05-01,1.6885553470919357,7.188999827918208,-0.009999999999999787,-0.5,-1.0584523809523816,0.0
1998-06-01,1.6229712858926382,6.058575229559682,0.0,-0.5,-0.9974458874458882,0.0
1998-07-01,1.74563591022443,4.755871384932742,0.020000000000000462,-0.40000000000000036,-0.7590909090909079,0.0
1998-08-01,1.6169154228855787,5.865515150473688,0.009999999999999787,-0.2999999999999998,-0.956666666666667,0.0
1998-09-01,1.4267990074441794,4.848836473856544,-0.03000000000000025,-0.3000000000000007,-1.4019047619047615,0.0
1998-10-01,1.4860681114551078,4.637794383238925,-0.4299999999999997,-0.20000000000000018,-1.4995454545454558,0.0
1998-11-01,1.4842300556586308,3.741486019967022,-0.6899999999999995,-0.1999999999999993,-1.0476315789473682,0.0
1998-12-01,1.606922126081578,3.7695732652959,-0.8200000000000003,-0.2999999999999998,-1.163636363636364,0.0
1999-01-01,1.6666666666666607,3.763083805136991,-0.9299999999999997,-0.2999999999999998,-0.8223947368421056,0.0
1999-02-01,1.6666666666666607,4.225398806274816,-0.75,-0.1999999999999993,-0.5757894736842104,0.0
1999-03-01,1.7283950617283939,4.425125461604007,-0.6800000000000006,-0.5,-0.41466403162055343,0.0
1999-04-01,2.281134401972884,4.307254602909483,-0.71,0.0,-0.45307359307359274,0.0
1999-05-01,2.091020910209096,4.27940147673862,-0.75,-0.20000000000000018,-0.11300000000000043,0.0
1999-06-01,1.9656019656019597,4.826418688874012,-0.7999999999999998,-0.20000000000000018,0.4031818181818183,0.0
1999-07-01,2.1446078431372584,5.839978413843561,-0.5499999999999998,-0.20000000000000018,0.33054112554112525,0.0
1999-08-01,2.2643818849449104,4.109544569149426,-0.47999999999999954,-0.2999999999999998,0.5971861471861466,0.0
1999-09-01,2.629969418960254,3.7444563415508503,-0.29000000000000004,-0.39999999999999947,1.1085714285714285,0.0
1999-10-01,2.56253813300793,4.29950432876991,0.1299999999999999,-0.40000000000000036,1.5820000000000007,0.0
1999-11-01,2.6203534430225606,4.884601547870515,0.5899999999999999,-0.3000000000000007,1.206631578947368,0.0
1999-12-01,2.676399026763998,5.216917187508963,0.6200000000000001,-0.40000000000000036,1.6304545454545458,0.0
2000-01-01,2.792956891317555,4.620955049951481,0.8200000000000003,-0.2999999999999998,1.938894736842105,0.0
2000-02-01,3.2179720704310855,4.313335681097841,0.9700000000000006,-0.3000000000000007,1.520552631578946,0.0
2000-03-01,3.762135922330101,4.447293166354416,1.04,-0.20000000000000018,1.0239130434782613,0.0
2000-04-01,3.013863773357439,4.828026846244748,1.2799999999999994,-0.5,0.8059808612440191,1.0
2000-05-01,3.1325301204819134,4.451469064576807,1.5299999999999994,-0.20000000000000018,0.900954545454546,1.0
2000-06-01,3.7349397590361377,4.574285752844154,1.7700000000000005,-0.2999999999999998,0.1977272727272732,1.0
2000-07-01,3.5992801439711952,3.7698485910728996,1.5499999999999998,-0.2999999999999998,0.26209523809523816,1.0
2000-08-01,3.3512866546977715,3.0734226950164922,1.4299999999999997,-0.10000000000000053,-0.11300395256916929,1.0
2000-09-01,3.45649582836709,3.968806853188922,1.2999999999999998,-0.30000000000000027,-0.11623809523809481,1.0
2000-10-01,3.4503271861986873,2.3142184859096693,1.3099999999999996,-0.19999999999999973,-0.37342857142857167,1.0
2000-11-01,3.444180522565321,1.8491278756576968,1.0899999999999999,-0.19999999999999973,-0.3168571428571427,1.0
2000-12-01,3.4360189573459543,0.7397718173229428,1.1000000000000005,-0.10000000000000009,-1.0349545454545455,0.0
2001-01-01,3.7212049616065945,0.3976490637767949,0.5300000000000002,0.20000000000000018,-1.5000476190476189,0.0
2001-02-01,3.529411764705892,-0.5668458865284554,-0.2400000000000002,0.10000000000000053,-1.4205526315789463,0.0
2001-03-01,2.9824561403508643,-1.122295725249156,-0.54,0.2999999999999998,-1.3710671936758896,0.0
2001-04-01,3.2182562902282053,-2.0602186217959284,-1.2199999999999998,0.6000000000000005,-0.8495263157894737,0.0
2001-05-01,3.5630841121495394,-2.791181055600911,-2.0599999999999996,0.2999999999999998,-1.0490909090909089,0.0
2001-06-01,3.193960511033689,-3.3422163718917375,-2.56,0.5,-0.8129870129870138,0.0
2001-07-01,2.7214823393167498,-3.773511714911293,-2.77,0.5999999999999996,-0.8178095238095233,0.0
2001-08-01,2.7214823393167498,-3.6215277665228585,-2.85,0.8000000000000007,-0.8547826086956523,0.0
2001-09-01,2.5921658986175045,-4.55015745457048,-3.4499999999999997,1.1,-1.0672352941176477,0.0
2001-10-01,2.127659574468077,-4.440502321905382,-4.02,1.4,-1.171753246753247,0.0
2001-11-01,1.894374282433997,-5.044913960783126,-4.42,1.6,-1.0656428571428567,0.0
2001-12-01,1.603665521191311,-4.774776238202749,-4.58,1.8000000000000003,-0.15299999999999958,0.0
2002-01-01,1.1958997722095743,-3.682618441383212,-4.25,1.5,-0.12523809523809515,0.0
2002-02-01,1.1363636363636465,-3.0399744149724905,-3.75,1.5,-0.18736842105263207,0.0
2002-03-01,1.3628620102214661,-2.1374903694403535,-3.5799999999999996,1.4000000000000004,0.398545454545455,0.0
2002-04-01,1.643990929705219,-1.3053329089064758,-3.05,1.5,0.06990909090909092,0.0
2002-05-01,1.2408347433727984,-0.43328851038398897,-2.46,1.5,-0.22681818181818159,0.0
2002-06-01,1.0692177827799743,0.920910919642548,-2.22,1.2999999999999998,-0.35778571428571393,0.0
2002-07-01,1.465614430665152,1.5386975548359105,-2.04,1.2000000000000002,-0.5830086580086586,0.0
2002-08-01,1.747463359639223,1.5424836015125454,-1.91,0.7999999999999998,-0.7140316205533601,0.0
2002-09-01,1.516002245929271,2.146064440525741,-1.3199999999999998,0.7000000000000002,-0.8617647058823525,0.0
2002-10-01,2.0270270270270174,2.2135422551443185,-0.7400000000000002,0.40000000000000036,-0.6259090909090905,0.0
2002-11-01,2.2535211267605604,3.4115039217915255,-0.7499999999999998,0.40000000000000036,-0.603078947368421,0.0
2002-12-01,2.4802705749718212,2.880394484854265,-0.5800000000000001,0.2999999999999998,-1.0551190476190486,0.0
2003-01-01,2.757456387169399,3.071140654513904,-0.49,0.09999999999999964,-0.9871428571428575,0.0
2003-02-01,3.146067415730336,3.1817124112425654,-0.48,0.20000000000000018,-1.008947368421052,0.0
2003-03-01,3.025210084033625,2.1709435832793167,-0.48,0.20000000000000018,-1.4768571428571433,0.0
2003-04-01,2.175125488008911,1.0688138922369639,-0.49,0.09999999999999964,-1.2523376623376627,0.0
2003-05-01,1.8941504178273005,0.636921435240767,-0.49,0.2999999999999998,-1.5954978354978357,0.0
2003-06-01,1.948775055679297,-0.05887145406980876,-0.53,0.5,-1.5922142857142858,0.0
2003-07-01,2.055555555555544,0.48700385655000566,-0.72,0.40000000000000036,-0.6777272727272723,0.0
2003-08-01,2.216066481994461,0.37923869625795525,-0.71,0.39999999999999947,0.18796536796536767,0.0
2003-09-01,2.378318584070782,0.9407289987876988,-0.74,0.39999999999999947,0.4042857142857148,0.0
2003-10-01,2.041942604856528,1.2759729528664998,-0.74,0.2999999999999998,0.34954545454545416,0.0
2003-11-01,1.9283746556473913,1.387033904173962,-0.3400000000000001,-0.10000000000000053,0.25157894736842135,0.0
2003-12-01,2.0352035203520247,1.9841883950955763,-0.26,-0.2999999999999998,0.23534632034632086,0.0
2004-01-01,2.026286966046009,1.2763588097255418,-0.24,-0.09999999999999964,0.10192857142857203,0.0
2004-02-01,1.688453159041381,1.7663898756903773,-0.25,-0.3000000000000007,0.18157894736842017,0.0
2004-03-01,1.7400761283306032,1.626375894029275,-0.25,-0.10000000000000053,0.019378881987577756,0.0
2004-04-01,2.2925764192139875,2.615123170170186,-0.26,-0.40000000000000036,0.3890476190476191,0.0
2004-05-01,2.8977583378895444,3.38458309862264,-0.26,-0.5,1.1464523809523812,0.0
2004-06-01,3.1676679410158393,2.447031362551799,-0.18999999999999995,-0.7000000000000002,1.3995238095238096,0.0
2004-07-01,2.939575394665228,2.6848554355043186,0.25,-0.7000000000000002,0.5226406926406928,0.0
2004-08-01,2.5474254742547275,2.9784524146032165,0.3999999999999999,-0.6999999999999993,-0.16387445887445828,0.0
2004-09-01,2.5391680172879516,2.448803847620762,0.6000000000000001,-0.6999999999999993,-0.14857142857142946,0.0
2004-10-01,3.1909140075716547,3.1957484615569243,0.75,-0.5,-0.19345454545454555,0.0
2004-11-01,3.621621621621607,2.763005391785356,0.9299999999999999,-0.39999999999999947,-0.10600000000000076,0.0
2004-12-01,3.3423180592991875,3.551152067738861,1.1800000000000002,-0.2999999999999998,-0.03681818181818208,0.0
2005-01-01,2.8448738593666034,3.7656681883018184,1.2799999999999998,-0.40000000000000036,0.07100000000000062,0.0
2005-02-01,3.0530262453133394,3.8921878697906642,1.49,-0.1999999999999993,0.08105263157894793,0.0
2005-03-01,3.2068412613575736,4.168552298887196,1.63,-0.5999999999999996,0.6712055335968379,0.0
2005-04-01,3.3617929562433257,4.006456472613795,1.79,-0.39999999999999947,-0.006666666666666821,0.0
2005-05-01,2.869287991498415,3.3534790649275337,2.0,-0.5,-0.5712142857142863,0.0
2005-06-01,2.541026998411855,4.6347083589064475,2.01,-0.5999999999999996,-0.7356277056277056,0.0
2005-07-01,3.067160232681121,3.5298493345260917,1.9999999999999998,-0.5,-0.3205952380952386,0.0
2005-08-01,3.6469344608879517,3.797594088074363,2.0700000000000003,-0.5,-0.018754940711461998,0.0
2005-09-01,4.741833508956805,1.6574450087309733,2.01,-0.40000000000000036,0.07333333333333325,0.0
2005-10-01,4.350104821802936,2.0209103457029087,2.0199999999999996,-0.5,0.36650000000000027,0.0
2005-11-01,3.3385498174230532,2.9120723180627417,2.0700000000000003,-0.40000000000000036,0.3410000000000002,0.0
2005-12-01,3.3385498174230532,2.6259073757150198,2.0,-0.5,0.23623376623376657,0.0
2006-01-01,4.018789144050117,2.4194801632455576,2.0100000000000002,-0.5999999999999996,0.19449999999999967,0.0
2006-02-01,3.63825363825363,1.7242361205308532,1.9900000000000002,-0.6000000000000005,0.40368421052631565,0.0
2006-03-01,3.4179181771103018,2.091541760329152,1.96,-0.5,0.22618577075098845,0.0
2006-04-01,3.613835828600931,2.1816142662632876,2.0,-0.5,0.6495739348370932,0.0
2006-05-01,3.9772727272727293,2.1156664964513183,1.9400000000000004,-0.5,0.9657142857142862,0.0
2006-06-01,4.1817243159525175,1.9803386251444621,1.9500000000000002,-0.40000000000000036,1.1081818181818184,0.0
2006-07-01,4.104669061056954,2.251836527383766,1.9800000000000004,-0.2999999999999998,0.9100000000000001,0.0
2006-08-01,3.926568077511483,2.3669704568583194,1.75,-0.20000000000000018,0.6139130434782603,0.0
2006-09-01,2.012072434607637,4.2159275134967755,1.63,-0.5,0.5199523809523807,0.0
2006-10-01,1.4063284781516971,2.8481025781383007,1.4700000000000002,-0.5999999999999996,0.26554761904761914,0.0
2006-11-01,1.9687026754164672,1.6621660136106442,1.25,-0.5,0.06023809523809476,0.0
2006-12-01,2.5239777889954462,2.1707334984272686,1.08,-0.5,0.0973571428571427,0.0
2007-01-01,2.075765178123423,1.6646656462990128,0.96,-0.10000000000000053,0.3435238095238091,1.0
2007-02-01,2.420260782347028,2.5793632616832207,0.7699999999999996,-0.2999999999999998,0.15368421052631653,1.0
2007-03-01,2.798197295943927,2.5308035115800154,0.6699999999999999,-0.2999999999999998,-0.159367588932807,1.0
2007-04-01,2.5929247633283525,2.9076019270608766,0.45999999999999996,-0.20000000000000018,-0.29671679197994916,1.0
2007-05-01,2.709885742672613,2.9798485426711263,0.3099999999999996,-0.1999999999999993,-0.3636363636363642,1.0
2007-06-01,2.692765113974227,2.7140344521729087,0.2599999999999998,0.0,-0.003506493506494124,1.0
2007-07-01,2.3178905864958077,2.6434417747193573,0.019999999999999574,0.0,-0.08321428571428591,1.0
2007-08-01,1.897448478900876,2.3917510021752353,-0.23000000000000043,-0.10000000000000053,-0.20173913043478287,1.0
2007-09-01,2.8338264299802685,2.7901202497425004,-0.3099999999999996,0.20000000000000018,-0.1974210526315785,1.0
2007-10-01,3.610698365527476,2.6179282370540014,-0.4900000000000002,0.2999999999999998,-0.20132034632034657,1.0
2007-11-01,4.373267326732666,3.2087670061424323,-0.7599999999999998,0.20000000000000018,-0.4467380952380946,1.0
2007-12-01,4.108813392417532,2.2029778334589523,-1.0,0.5999999999999996,-0.46699999999999964,1.0
2008-01-01,4.294695655165981,2.4141930753466267,-1.31,0.40000000000000036,-1.0152380952380953,1.0
2008-02-01,4.142959270611968,1.0602796518591306,-2.28,0.40000000000000036,-0.9851315789473691,1.0
2008-03-01,3.9749035501344343,0.5734255066876637,-2.65,0.6999999999999993,-1.0545454545454542,1.0
2008-04-01,3.9037609759888126,-0.7427676334748168,-2.97,0.5,-1.0188095238095247,1.0
2008-05-01,4.088413823123993,-1.4383086308347726,-3.27,1.0,-0.8663636363636358,1.0
2008-06-01,4.935966105947864,-1.724935725071297,-3.25,1.0,-1.003333333333333,1.0
2008-07-01,5.497512078341837,-1.9585471027037116,-3.25,1.0999999999999996,-0.9965584415584416,0.0
2008-08-01,5.308017162091239,-3.6832804845724265,-3.0199999999999996,1.5,-0.7890683229813664,0.0
2008-09-01,4.953319875136075,-8.130031129578574,-3.1300000000000003,1.3999999999999995,-0.8353884711779447,0.0
2008-10-01,3.7310578899565128,-6.954317961916079,-3.79,1.7999999999999998,-0.7136363636363634,0.0
2008-11-01,1.0999174706166848,-8.669827230747885,-4.1000000000000005,2.0999999999999996,-0.6218333333333335,0.0
2008-12-01,-0.02222800255385904,-11.276192783181926,-4.08,2.3,-1.6811363636363637,0.0
2009-01-01,-0.11358601902212717,-13.374567704176643,-3.79,2.8,-1.2267857142857141,0.0
2009-02-01,0.008463140671510772,-13.562730377303279,-2.76,3.4000000000000004,-0.8674999999999997,0.0
2009-03-01,-0.4464787676623838,-14.656035046526473,-2.4299999999999997,3.5999999999999996,-0.6904545454545454,0.0
2009-04-01,-0.5763244243767063,-14.81395936696125,-2.13,4.0,-0.7478571428571428,0.0
2009-05-01,-1.015761495855172,-15.160361194166793,-1.8,4.0,-0.5870000000000002,0.0
2009-06-01,-1.2291746182109153,-15.282480369076357,-1.79,3.9000000000000004,-0.37770562770562766,0.0
2009-07-01,-1.9587610037622771,-14.018720654921957,-1.8499999999999999,3.7,-0.4454545454545453,0.0
2009-08-01,-1.4838355663267633,-11.689299172061052,-1.84,3.5,-0.29857142857142804,0.0
2009-09-01,-1.377942862886472,-6.805879122929537,-1.6600000000000001,3.700000000000001,-0.28428571428571425,0.0
2009-10-01,-0.22396829420033848,-7.474512230012276,-0.85,3.5,-0.4264718614718612,0.0
2009-11-01,1.9145871744709275,-5.83001235670767,-0.27,3.1000000000000005,-0.12403508771929816,0.0
2009-12-01,2.8141231232083674,-2.704223119324234,-0.04000000000000001,2.6000000000000005,1.1736363636363638,0.0
2010-01-01,2.6211113889767157,0.87230439200634,-0.039999999999999994,2.000000000000001,1.2156578947368426,0.0
2010-02-01,2.151336357866529,1.8708182344855606,-0.09,1.5,0.8210526315789468,0.0
2010-03-01,2.2861714393279886,4.200672107537207,-0.01999999999999999,1.200000000000001,0.9078458498023716,0.0
2010-04-01,2.2067707525304403,5.4282103558062955,0.05000000000000002,0.9000000000000004,0.9196753246753246,0.0
2010-05-01,2.003548929218568,7.942609605426321,0.020000000000000018,0.1999999999999993,0.12700000000000022,0.0
2010-06-01,1.1215605940686268,8.551328146848402,-0.03,-0.09999999999999964,-0.517727272727273,0.0
2010-07-01,1.3407784804821077,7.747013804699288,0.01999999999999999,-0.09999999999999964,-0.5508441558441559,0.0
2010-08-01,1.1501775395112546,6.968742858593813,0.03,-0.09999999999999964,-0.8885064935064935,0.0
2010-09-01,1.1183122472331775,6.346682104150392,0.04000000000000001,-0.3000000000000007,-0.7542857142857144,0.0
2010-10-01,1.1666951489314625,5.760258506490601,0.07,-0.5999999999999996,-0.8476190476190477,0.0
2010-11-01,1.084544776600338,5.39500875348351,0.07,-0.09999999999999964,-0.6396315789473688,0.0
2010-12-01,1.437793022217937,5.996200467756596,0.06,-0.5999999999999996,-0.2990909090909093,0.0
2011-01-01,1.7007834915029774,4.632504538708293,0.06000000000000001,-0.7000000000000011,-0.339157894736843,0.0
2011-02-01,2.124898173333145,3.827364378514675,0.03,-0.8000000000000007,-0.11473684210526258,0.0
2011-03-01,2.619241510354109,4.193025357503588,-0.01999999999999999,-0.9000000000000004,-0.31304347826087,0.0
2011-04-01,3.0772344447868694,3.505332834432129,-0.1,-0.8000000000000007,-0.39181818181818207,0.0
2011-05-01,3.4589718808964998,2.248891889831528,-0.11000000000000001,-0.5999999999999996,-0.25142857142857133,0.0
2011-06-01,3.5023181506360412,2.3688810428642126,-0.09,-0.3000000000000007,-0.20181818181818167,0.0
2011-07-01,3.5798809769996165,2.484132372991299,-0.10999999999999999,-0.40000000000000036,-0.008428571428571452,0.0
2011-08-01,3.75499603070808,2.7992943499441703,-0.09,-0.5,-0.3955928853754944,0.0
2011-09-01,3.812621692818685,2.4123837996766095,-0.11,-0.5,-0.6723809523809525,0.0
2011-10-01,3.5222681306640524,3.4162150732061747,-0.12,-0.5999999999999996,-0.3879999999999999,0.0
2011-11-01,3.451432214581729,3.3174195787687877,-0.11,-1.200000000000001,-0.7495000000000003,0.0
2011-12-01,3.062066838419386,2.859134467066693,-0.10999999999999999,-0.8000000000000007,-1.3128138528138529,0.0
2012-01-01,3.0087663379855023,3.6910016324102957,-0.09000000000000001,-0.7999999999999989,-1.4274999999999998,0.0
2012-02-01,2.8981784423473878,4.439148449901298,-0.06,-0.6999999999999993,-1.6088157894736843,0.0
2012-03-01,2.5828752813320977,2.8286925428470555,-0.010000000000000009,-0.8000000000000007,-1.241620553359684,0.0
2012-04-01,2.2731633741348567,3.9040297563633697,0.04000000000000001,-0.9000000000000004,-1.4021428571428567,0.0
2012-05-01,1.7379429374660749,4.0185114178595605,0.07,-0.8000000000000007,-1.3653896103896108,0.0
2012-06-01,1.653870448297634,3.7105509068513065,0.07,-0.9000000000000004,-1.3798917748917745,0.0
2012-07-01,1.4175114798464783,3.418677881567289,0.09,-0.8000000000000007,-1.4763333333333333,0.0
2012-08-01,1.6859349154821235,2.285596731143258,0.03,-0.9000000000000004,-0.6247826086956518,0.0
2012-09-01,1.9497168982819613,2.2951570495009843,0.06000000000000001,-1.2000000000000002,-0.2520802005012528,0.0
2012-10-01,2.1556780595369363,1.9430024786973865,0.09,-1.0000000000000009,-0.40580952380952384,0.0
2012-11-01,1.7960197033926262,2.3257536633332743,0.08,-0.8999999999999995,-0.3594999999999997,0.0
2012-12-01,1.7595049796895523,2.0268355938483085,0.09,-0.5999999999999996,-0.25909523809523805,0.0
2013-01-01,1.684061762098299,1.4467904237824847,0.06000000000000001,-0.3000000000000007,-0.05173809523809503,0.0
2013-02-01,2.0181404902574807,1.5945538776370727,0.04999999999999999,-0.6000000000000005,0.01671052631578962,0.0
2013-03-01,1.5187472411246183,2.534732272069462,0.010000000000000009,-0.6999999999999993,-0.21522727272727238,0.0
2013-04-01,1.138808047576867,1.7145631127746475,0.009999999999999981,-0.5999999999999996,-0.2937662337662337,0.0
2013-05-01,1.3903888279197085,1.5594777439077445,-0.05,-0.6999999999999993,0.125,0.0
2013-06-01,1.7157935271568725,1.7645800035426706,-0.07,-0.6999999999999993,0.6776190476190473,0.0
2013-07-01,1.885471805415806,1.2364196654177428,-0.07,-0.8999999999999995,1.0556060606060607,0.0
2013-08-01,1.538809488600279,2.2593571227008002,-0.05,-0.8999999999999995,1.0590118577075098,0.0
2013-09-01,1.0947341081747997,2.854766330187619,-0.06000000000000001,-0.5999999999999996,1.0863421052631577,0.0
2013-10-01,0.8767991434911471,2.4178437626957816,-0.07,-0.5999999999999996,0.8697186147186144,0.0
2013-11-01,1.2328701961954458,2.281966236973343,-0.08,-0.7999999999999998,1.064421052631579,0.0
2013-12-01,1.5128383667573297,2.245344069429267,-0.07,-1.2000000000000002,1.182904761904762,0.0
2014-01-01,1.557758795574915,1.8566277042981971,-0.07,-1.4000000000000004,0.9433333333333329,0.0
2014-02-01,1.1204746347724948,2.148610089064018,-0.07999999999999999,-1.0,0.7252631578947364,0.0
2014-03-01,1.6126949139408042,2.724108069090181,-0.06000000000000001,-0.7999999999999998,0.7658333333333331,0.0
2014-04-01,2.015125303606169,2.9123215934373725,-0.06,-1.3999999999999995,0.946147186147186,0.0
2014-05-01,2.166947687079812,3.226027611336124,-0.020000000000000004,-1.2000000000000002,0.6308658008658008,0.0
2014-06-01,2.0589816945944195,3.365841732090935,0.010000000000000009,-1.4000000000000004,0.29857142857142893,0.0
2014-07-01,1.9742378703305974,3.9177888079901857,0.0,-1.0999999999999996,-0.040000000000000036,0.0
2014-08-01,1.7150983482969062,3.1253041765382905,0.009999999999999995,-1.1000000000000005,-0.3172727272727274,0.0
2014-09-01,1.6840509711232077,2.89843352202952,0.009999999999999995,-1.2999999999999998,-0.27521428571428563,0.0
2014-10-01,1.6095417021513292,2.9919466037849007,0.0,-1.5,-0.31181818181818155,0.0
2014-11-01,1.231524989320798,3.3861066751199598,0.009999999999999995,-1.1000000000000005,-0.3928654970760235,0.0
2014-12-01,0.6531213919623191,3.170492700276073,0.03,-1.1000000000000005,-0.6946320346320345,0.0
2015-01-01,-0.22993097820542818,2.7262407410550527,0.039999999999999994,-0.8999999999999995,-0.9765952380952376,0.0
2015-02-01,-0.08703146293520536,1.30473816054415,0.039999999999999994,-1.2000000000000002,-0.7342105263157892,0.0
2015-03-01,-0.022031284423873476,-0.0027479483621140055,0.03,-1.2999999999999998,-0.6806060606060607,0.0
2015-04-01,-0.10403098939391064,-0.6444572558062966,0.03,-0.7999999999999998,-0.7702380952380952,0.0
2015-05-01,0.03503321824429584,-1.460487812501221,0.03,-0.7000000000000002,-0.3615476190476188,0.0
2015-06-01,0.1795718097550525,-2.106390227283794,0.03,-0.7999999999999998,-0.234935064935065,0.0
2015-07-01,0.22568611104094582,-1.6903126553953207,0.04000000000000001,-1.0,-0.21772727272727277,0.0
2015-08-01,0.2413037985344868,-1.6854337113987983,0.05000000000000002,-1.0,-0.25285714285714267,0.0
2015-09-01,0.008842961634170088,-2.2407414414912674,0.05000000000000002,-0.9000000000000004,-0.3614285714285712,0.0
2015-10-01,0.12761656067050708,-2.72506606749946,0.03,-0.7000000000000002,-0.23409090909090935,0.0
2015-11-01,0.4363182169185187,-4.033068306068888,0.03,-0.7000000000000002,-0.06239766081871334,0.0
2015-12-01,0.6387247515364791,-4.496144811599123,0.12,-0.5999999999999996,0.03545454545454518,0.0
2016-01-01,1.2375025026943876,-3.236256019749162,0.23000000000000004,-0.9000000000000004,0.20376315789473654,0.0
2016-02-01,0.8472775790126619,-3.1193297695960798,0.27,-0.5999999999999996,-0.19576315789473675,0.0
2016-03-01,0.8916160965521946,-3.515311400177057,0.25,-0.40000000000000036,-0.15363636363636335,0.0
2016-04-01,1.1726257503534843,-2.6579036961380753,0.25,-0.3000000000000007,-0.12976190476190497,0.0
2016-05-01,1.0784764621246223,-2.448153056399993,0.25,-0.7999999999999998,-0.3913095238095241,0.0
2016-06-01,1.0792865347959424,-1.678117946525337,0.25,-0.39999999999999947,-0.7195454545454545,0.0
2016-07-01,0.8683633430518256,-2.196738284260069,0.26,-0.40000000000000036,-0.8205454545454547,0.0
2016-08-01,1.0553158595656864,-2.164263084601936,0.26,-0.1999999999999993,-0.6106211180124224,0.0
2016-09-01,1.5486446201652182,-1.9939516469206886,0.26,0.0,-0.5423809523809524,0.0
2016-10-01,1.685924966243646,-1.5023811304759715,0.28,-0.09999999999999964,-0.3054999999999999,0.0
2016-11-01,1.6843334719788938,-1.1862778785850958,0.29,-0.39999999999999947,-0.12115789473684169,0.0
2016-12-01,2.0507989115119862,-0.02049641716570516,0.30000000000000004,-0.2999999999999998,0.24917748917748916,0.0
2017-01-01,2.5103933482571117,-0.8031281419274894,0.31,-0.09999999999999964,0.3472368421052634,0.0
2017-02-01,2.8103616813294208,-0.6864591168616152,0.28,-0.3000000000000007,0.6394473684210524,0.0
2017-03-01,2.44119623655914,0.7162067590550603,0.43000000000000005,-0.5999999999999996,0.5926482213438735,0.0
2017-04-01,2.176223471915395,1.3993011097695573,0.53,-0.6999999999999993,0.4921303258145364,0.0
2017-05-01,1.8563431667619756,1.7500792534729248,0.54,-0.39999999999999947,0.4974458874458876,0.0
2017-06-01,1.640565809959127,1.4803308546539107,0.66,-0.6000000000000005,0.5427272727272727,0.0
2017-07-01,1.7251073506566073,1.1187969195710634,0.7599999999999999,-0.5,0.8140000000000001,0.0
2017-08-01,1.92812155729698,0.8523014668689877,0.7599999999999999,-0.5,0.6526086956521737,0.0
2017-09-01,2.1805652303711787,1.0630336308315114,0.7499999999999999,-0.7000000000000002,0.5715238095238093,0.0
2017-10-01,2.020757753132485,2.2919955326540453,0.7499999999999999,-0.7000000000000002,0.5955000000000004,0.0
2017-11-01,2.172493864295566,2.9662701539719283,0.75,-0.5,0.21133333333333315,0.0
2017-12-01,2.129930719552253,2.467143465957866,0.76,-0.6000000000000005,-0.08940476190476199,0.0
2018-01-01,2.151318868063945,2.7352874765469437,0.7599999999999999,-0.7000000000000002,0.15130952380952367,0.0
2018-02-01,2.263468931091861,3.3994953469032696,0.7599999999999999,-0.5,0.43999999999999995,0.0
2018-03-01,2.3309497646499366,3.224806264183644,0.72,-0.40000000000000036,0.36064182194616956,0.0
2018-04-01,2.4709963021052994,3.309758614070435,0.7899999999999999,-0.40000000000000036,0.5716791979949876,0.0
2018-05-01,2.781921607842497,2.2584201444366236,0.7899999999999999,-0.6000000000000005,0.6740909090909093,0.0
2018-06-01,2.8075506935940187,2.8410387544831828,0.78,-0.2999999999999998,0.7255627705627705,0.0
2018-07-01,2.854124785561929,3.2543243815604805,0.76,-0.5,0.571047619047619,0.0
2018-08-01,2.6429238568742575,4.353587280888749,0.75,-0.6000000000000005,0.6800000000000002,0.0
2018-09-01,2.332055105808828,4.313826088176409,0.8,-0.5999999999999996,0.8022105263157893,0.0
2018-10-01,2.492032470218053,2.930867401734427,1.04,-0.40000000000000036,0.7922727272727266,0.0
2018-11-01,2.147328577667773,2.7666629800210174,1.0400000000000003,-0.40000000000000036,0.7636666666666665,0.0
2018-12-01,2.0023809043401064,2.5912536810940523,0.97,-0.19999999999999973,0.43013157894736853,0.0
2019-01-01,1.4875893578291333,1.9116422323518512,0.99,0.0,0.13000000000000034,0.0
2019-02-01,1.5188615351321877,1.1096417703535089,0.98,-0.2999999999999998,-0.18263157894736803,0.0
2019-03-01,1.8831863513063984,0.6545559146318158,0.9000000000000001,-0.20000000000000018,-0.27142857142857135,1.0
2019-04-01,2.000583470209061,-1.0247462328067725,0.73,-0.2999999999999998,-0.3366666666666669,1.0
2019-05-01,1.7959105553606136,-0.010156011968476264,0.6900000000000002,-0.19999999999999973,-0.582727272727273,0.0
2019-06-01,1.671194894390049,-0.7369328862962377,0.5599999999999998,-0.3999999999999999,-0.8383809523809527,0.0
2019-07-01,1.826331335037068,-1.3774541767684445,0.49,-0.09999999999999964,-0.82995670995671,0.0
2019-08-01,1.7376412106666406,-1.3396749291328724,0.21999999999999997,-0.19999999999999973,-1.2627667984189723,0.0
2019-09-01,1.6844977040391562,-1.7374573008364869,0.09000000000000008,-0.20000000000000018,-1.3047105263157892,0.0
2019-10-01,1.7339736996186295,-2.4594751580988228,-0.3599999999999999,-0.19999999999999973,-1.445454545454545,0.0
2019-11-01,2.092290394862917,-2.047601522464615,-0.6500000000000001,-0.19999999999999973,-1.3048947368421053,0.0
2019-12-01,2.3195274699624457,-2.2991807373363926,-0.72,-0.2999999999999998,-0.9697744360902256,0.0
2020-01-01,2.599767976845202,-2.290379015513233,-0.8499999999999999,-0.3999999999999999,-0.9561904761904763,0.0
2020-02-01,2.3413166797595197,-1.4232217750208775,-0.8199999999999998,-0.2999999999999998,-1.1721052631578948,0.0
2020-03-01,1.4940399642909163,-5.315054964389065,-1.7600000000000002,0.6000000000000005,-1.7009523809523808,0.0
2020-04-01,0.3130472940411133,-17.318282261376304,-2.37,11.100000000000001,-1.8747619047619044,0.0
2020-05-01,0.1982013035848551,-16.047738104539413,-2.3400000000000003,9.6,-1.721,0.0
2020-06-01,0.7166562831830481,-10.586064673581452,-2.3,7.4,-1.3453636363636363,0.0
2020-07-01,0.9968647625897997,-6.783544959427434,-2.31,6.499999999999999,-1.4354545454545455,0.0
2020-08-01,1.2810698495523853,-6.512241935326724,-2.03,4.800000000000001,-0.9763636363636364,0.0
2020-09-01,1.3910228912373812,-6.183101854793705,-1.95,4.3,-1.0199761904761906,0.0
2020-10-01,1.2303863428671624,-4.622683457542831,-1.74,3.3000000000000003,-0.9196753246753246,0.0
2020-11-01,1.1757452138405844,-4.763324870606622,-1.46,3.1,-0.9421052631578946,0.0
2020-12-01,1.3204191315779434,-3.28150457766595,-1.46,3.1,-0.9292207792207792,0.0
2021-01-01,1.3738437137002402,-2.1295843569181794,-1.46,2.8000000000000003,-0.6765664160401006,0.0
2021-02-01,1.6698167791706853,-5.680577271180343,-1.5,2.7,-0.2463157894736845,0.0
2021-03-01,2.6678187820641908,1.0038210492383515,-0.5800000000000001,1.6999999999999993,0.7408695652173912,0.0
2021-04-01,4.133077115360573,16.55213518144698,0.020000000000000004,-8.700000000000001,0.9773809523809524,0.0
2021-05-01,4.918257089467626,15.673379835366053,0.009999999999999995,-7.3999999999999995,0.947,0.0
2021-06-01,5.295632620349999,8.958396565691418,0.0,-5.1,0.7904545454545456,0.0
2021-07-01,5.245169381309234,5.4998863464161385,0.010000000000000009,-4.799999999999999,0.6949350649350651,0.0
2021-08-01,5.152015301793966,4.261168528131454,-0.010000000000000009,-3.3000000000000007,0.6331818181818182,0.0
2021-09-01,5.351215590949132,3.0124970172007215,-0.009999999999999995,-3.0999999999999996,0.6952380952380953,0.0
2021-10-01,6.235042390298062,3.5628709708763973,-0.009999999999999995,-2.4000000000000004,0.7953571428571429,0.0
2021-11-01,6.901970403700863,3.897545981936834,-0.009999999999999995,-2.6000000000000005,0.6895,0.0
2021-12-01,7.174340285065539,2.2463731281071153,-0.009999999999999995,-2.8000000000000003,0.5313636363636363,0.0
2022-01-01,7.558805726967832,1.3181341030033655,-0.009999999999999995,-2.4000000000000004,0.6829473684210527,0.0
2022-02-01,7.937278766517819,5.429593086433182,0.0,-2.3000000000000003,0.6763157894736842,0.0
2022-03-01,8.572204966013853,3.0544104015221674,0.13,-2.3999999999999995,0.5169565217391305,0.0
2022-04-01,8.231750770777225,2.923435475508507,0.26,-2.3999999999999995,1.1125,0.0
2022-05-01,8.538171195642065,1.9110298059100916,0.71,-2.1999999999999997,1.2770952380952383,0.0
2022-06-01,8.979361103105798,1.2217594016755706,1.13,-2.3000000000000003,1.6242424242424243,0.0
2022-07-01,8.462576727730099,0.968659945597028,1.5799999999999998,-1.9000000000000004,1.5774285714285712,0.0
2022-08-01,8.222579178218826,1.0521402147261716,2.24,-1.4999999999999996,1.6146442687747036,0.0
2022-09-01,8.192106896425821,2.462018715752601,2.48,-1.2000000000000002,2.1442857142857146,0.0
2022-10-01,7.758813957693,1.0648183730078253,3.0,-0.8999999999999999,2.4010000000000002,0.0
2022-11-01,7.122856456533988,0.08902953837490735,3.6999999999999997,-0.49999999999999956,2.3314999999999992,0.0
2022-12-01,6.404600402357152,-0.8016099812473643,4.02,-0.3999999999999999,2.151190476190476,0.0
2023-01-01,6.327178517960097,0.3188082918103907,4.25,-0.5,1.7674999999999998,0.0
2023-02-01,5.957820738137087,-0.1634816837026265,4.49,-0.2999999999999998,1.8126315789473684,0.0
2023-03-01,4.917719362889961,-0.36512224493961964,4.45,-0.20000000000000018,1.5352173913043479,0.0
2023-04-01,4.950079879124369,-0.1843454258675048,4.5,-0.30000000000000027,0.7124999999999999,0.0
2023-05-01,4.131851231385042,-0.39957171123073953,4.289999999999999,0.0,0.6755411255411254,0.0
2023-06-01,3.070617072997095,-0.8893464531073647,3.87,0.0,0.6047619047619048,0.0
2023-07-01,3.287749268428297,-0.31247838929887584,3.4400000000000004,0.0,1.0034999999999998,0.0
2023-08-01,3.722504803505289,-0.25421306219911566,3.0,0.10000000000000009,1.27,0.0
2023-09-01,3.687206638119256,-0.2672476942852109,2.77,0.20000000000000018,0.8599523809523801,0.0
2023-10-01,3.2512659098611785,-0.7742988102069082,2.25,0.2999999999999998,0.8145952380952384,0.0
2023-11-01,3.1333462745911866,-0.09043615385835313,1.5500000000000003,0.10000000000000009,0.6118571428571431,0.0
2023-12-01,3.3159099427102934,0.8386591076755323,1.2300000000000004,0.2999999999999998,0.4038095238095245,0.0
2024-01-01,3.0883429864855705,-1.2762549126908995,1.0,0.20000000000000018,0.5265952380952386,0.0
2024-02-01,3.157074141648697,-0.3543266402759926,0.7599999999999998,0.2999999999999998,0.4606578947368427,0.0
2024-03-01,3.4868349120836584,-0.557312624665296,0.6799999999999997,0.3999999999999999,0.5454565217391303,0.0
2024-04-01,3.3607951262196734,-0.9971062585799939,0.5,0.5,1.079090909090909,0.0
2024-05-01,3.244278584003113,-0.06499644303002983,0.27000000000000046,0.2999999999999998,0.9086363636363637,0.0
2024-06-01,2.9702579486470926,0.7734749239909133,0.25,0.49999999999999956,0.5571679197994981,0.0
2024-07-01,2.9414757935583014,-0.9226344732312097,0.20999999999999996,0.7000000000000002,0.34913636363636424,0.0
2024-08-01,2.607144490692037,-0.4050008280501727,0.0,0.5,-0.29691699604743116,0.0
2024-09-01,2.4264830315416708,-1.2004422838397089,-0.20000000000000018,0.39999999999999947,-0.6554999999999995,0.0
2024-10-01,2.578844053871343,-0.9947356843759692,-0.5,0.19999999999999973,-0.7026406926406938,0.0
2024-11-01,2.719472461284833,-1.5579409481489392,-0.6900000000000004,0.5,-0.1470676691729329,0.0
2024-12-01,2.870690967509981,-0.2741466217243804,-0.8499999999999996,0.2999999999999998,0.371428571428571,0.0
